ab,about,0.56666666,above,0.3,able,0.1,
go,going,0.2777778,go,0.24074075,good,0.16666667,
the,the,0.626703,they,0.15395096,them,0.06811989,
mer,merry,0.94736844,merely,0.02631579,merrily,0.02631579,
fro,frodo,0.4909091,from,0.43636364,front,0.07272727,
gr,great,0.1969697,ground,0.18181819,grass,0.15151516,
gol,goldberry,0.6,golden,0.4,
sam,sam,1.0,
